{"rows": 15, "cols": 15, "start": [14, 6], "goal": [2, 6], "obstacles": [[14, 4], [4, 3], [4, 12], [9, 2], [5, 7], [5, 13], [8, 0], [9, 5], [0, 2], [8, 3], [10, 0], [9, 8], [0, 5], [8, 12], [1, 0], [1, 6], [9, 14], [11, 5], [10, 12], [11, 14], [2, 8], [13, 8], [6, 5], [7, 10], [4, 2], [12, 6], [3, 3], [14, 3], [5, 9], [9, 7], [5, 12], [9, 10], [8, 14], [1, 2], [0, 4], [9, 13], [2, 7], [10, 5], [1, 11], [10, 8], [13, 10], [6, 4], [13, 13], [6, 7], [7, 6], [12, 5], [3, 2], [14, 2], [4, 4], [9, 0], [5, 5], [5, 11], [9, 3], [9, 9], [8, 7], [9, 12], [11, 3], [10, 13], [0, 6], [8, 13], [13, 3], [13, 9], [13, 6], [7, 5], [6, 9], [7, 14]]}